,id,Title,Episode,Season,character_names,Total Spoken Words,number of scene changes,Sarcasm Index,Emotional Archetype,vote_average,holiday_episode,director_popularity,writer_popularity,Joey_Rachel_Monica_Chandler_itemset,Rachel_Ross_Monica_Chandler_itemset,Joey_Phoebe_Monica_Chandler_itemset,Joey_Ross_Monica_Chandler_itemset,Rachel_Phoebe_Monica_Chandler_itemset,Joey_Rachel_Phoebe_Chandler_itemset,Joey_Rachel_Ross_Chandler_itemset,Joey_Ross_Phoebe_Chandler_itemset,Ross_Phoebe_Monica_Chandler_itemset,Joey_Rachel_Phoebe_Monica_itemset,sentiment,Ross_spoken_words,Rachel_spoken_words,Chandler_spoken_words,Monica_spoken_words,Phoebe_spoken_words,Joey_spoken_words,Central Perk_occurrences,Monica's Apartment_occurrences,Ross's Apartment_occurrences,Chandler's Apartment_occurrences,Ralph Lauren_occurrences,Bloomingdales_occurrences,Phoebe's Apartment_occurrences
0,85987, The Pilot-The Uncut Version,1,1,"['Paul', 'Frannie']",2290,13,0.6666666666666666,Uncharted,7.081,0,3.7445,4.7685,1,1,0,1,0,0,0,0,0,0,0.0588348861180994,357,394,315,433,166,290,2,3,3,0,0,0,0
1,86012, The One With The Sonogram At the End,2,1,"['Barry', 'Geller', 'Marsha', 'Susan', 'Carol', 'Oberman', 'Robbie', 'Bernice']",2520,11,0.7142857142857143,Icarus,7.333,0,3.4485,4.7685,0,0,1,0,0,0,0,0,0,0,0.0455028663968881,686,437,252,253,115,73,2,1,0,0,0,0,0
2,85981, The One With The Thumb,3,1,"['Lizzie', 'Paula', 'Alan']",2336,14,0.625,Man in a Hole,8.13,0,3.4485,1.788,0,1,0,0,0,0,0,0,0,0,0.0295844960223056,252,206,449,480,427,185,4,0,0,0,0,0,0
3,85983, The One With George Stephanopoulos,4,1,"['Receptionist', 'Joanne', 'Leslie', 'Guy']",2721,15,0.3333333333333333,Rags to Riches,7.84,0,3.4485,1.388,0,1,0,0,1,0,1,0,0,0,0.043530952508426,440,533,391,418,302,163,2,0,0,0,0,0,0
4,86034, The One With The East German Laundry Detergant,5,1,"['Angela', 'Bob', 'Janice']",2765,16,0.625,Man in a Hole,8.041,0,2.195,1.0455,0,0,0,0,0,0,0,0,0,0,0.0652723118632209,560,371,349,323,235,411,6,1,1,0,0,0,0
5,86017, The One With The Butt,6,1,['Aurora'],2434,8,0.7142857142857143,Uncharted,7.7,0,1.527,2.447,1,0,0,0,0,0,0,0,0,0,0.0392286361438287,209,146,820,381,158,344,1,0,0,0,0,0,0
6,86027, The One With The Blackout,7,1,"['Jill', 'Paolo', 'Heckles']",2493,21,0.0,Uncharted,8.469,1,3.4485,2.304,0,0,0,0,0,0,0,0,0,0,-0.0213208937690026,515,381,442,143,327,268,1,2,0,0,0,0,0
7,85990, The One Where Nana Dies Twice,8,1,"['Shelley', 'Nurse', 'Geller', 'Andrea', 'Lowell']",2096,11,0.625,Uncharted,7.837,0,3.4485,4.7685,0,1,0,0,0,0,0,0,1,0,0.0703208626733305,557,153,334,233,177,72,2,0,0,0,0,0,0
8,85979, The One Where Underdog Gets Away,9,1,"['Terry', 'Susan', 'Carol']",2494,13,0.25,Uncharted,8.043,0,3.4485,1.0455,0,1,0,1,0,0,1,0,0,0,0.0520039463234194,420,456,380,481,224,260,3,0,0,0,0,0,0
9,86043, The One With The Monkey,10,1,"['David', 'Max', 'Bobby', 'Sandy', 'Sung', 'Janice']",2727,8,0.4285714285714285,Cinderella,8.0,0,2.4765,2.15,0,0,1,0,0,0,0,1,1,0,0.0880069591565128,428,266,386,162,594,164,2,0,0,0,0,0,0
10,86066, The One With Mrs. Bing,11,1,"['Sung', 'Paolo', 'Bing']",2863,12,0.375,Uncharted,7.978,1,3.4485,1.388,0,0,0,0,0,0,0,0,1,0,0.0026106814338253,602,199,381,355,370,376,1,0,0,0,0,0,0
11,86090, The One With The Dozen Lasagnas,12,1,"['Paolo', 'Susan', 'Carol']",2538,15,0.625,Uncharted,7.826,0,1.4965000000000002,2.3755,1,0,0,1,0,1,0,0,0,0,0.0698202752447747,551,377,305,305,312,318,3,0,0,0,0,0,0
12,86077, The One With The Boobies,13,1,"['Roger', 'Ronni', 'Tribbiani']",2670,13,0.5714285714285714,Uncharted,8.283,0,1.7800000000000002,1.388,1,0,1,0,1,0,0,0,0,0,0.051604555536352,128,276,327,108,270,509,3,0,0,1,0,0,0
13,86048, The One With The Candy Hearts,14,1,"['2', '3', 'Kristin', 'Susan', 'Carol', 'Lorraine', 'Janice']",2386,17,0.1428571428571428,Uncharted,8.1,0,3.4485,4.865,1,0,0,0,0,0,0,0,0,0,0.0903924943170497,471,147,410,169,155,258,4,0,0,0,0,0,0
14,86068, The One With The Stoned Guy,15,1,"['Celia', 'Tedlock', 'Steve']",2793,14,0.7142857142857143,Rags to Riches,8.182,0,1.7800000000000002,1.251,0,0,0,0,1,1,0,0,0,1,0.0255423891385805,406,199,612,488,356,296,3,0,2,0,0,0,0
15,86067, The One With Two Parts: Part One,16,1,"['Helen', 'Nina', 'Susan', 'Carol', 'Ursula', 'Douglas', 'Jamie', 'Heckles']",2534,16,0.6,Uncharted,7.841,0,3.869,4.7685,0,0,0,0,0,0,0,0,0,0,0.0300368027745549,348,217,563,122,409,196,2,0,0,0,0,0,0
16,86072, The One With Two Parts: Part Two,17,1,"['Nurse', 'Mitchell', 'Geller', 'Ursula', 'Rosen']",3797,14,0.5,Uncharted,8.256,0,3.869,4.7685,0,0,0,0,0,0,0,0,0,0,-0.0108882532201069,516,656,264,661,389,279,2,0,0,0,0,0,0
17,86086, The One With All The Poker,18,1,['Iris'],2417,8,0.375,Uncharted,8.5,0,3.4485,2.304,0,0,0,0,1,0,0,0,1,0,0.0182444164081459,514,653,282,332,264,229,1,0,3,0,0,0,0
18,86060, The One Where The Monkey Gets Away,19,1,"['2', 'Barry', 'Luisa', 'Intercom', '1', 'Heckles']",2944,8,0.4285714285714285,Man in a Hole,8.119,0,2.4765,1.788,0,0,0,0,0,0,0,0,0,0,0.0542304369407942,760,859,203,348,207,161,3,0,0,0,0,0,0
19,86091, The One With The Evil Orthodontist,20,1,"['Barry', 'Bobby', 'Danielle', 'Mindy', 'Bernice']",2732,12,0.5714285714285714,Uncharted,8.0,0,3.859,1.788,1,1,0,0,1,0,0,0,0,0,0.0216446980483525,184,711,522,240,137,327,3,0,0,0,0,0,0
20,86093, The One With The Fake Monica,21,1,"['2', '1', 'Baldhara']",2399,15,0.5,Uncharted,7.881,0,2.681,2.15,1,0,1,1,0,0,0,0,0,0,-0.0625511158145652,427,289,162,581,114,180,4,0,0,0,0,0,0
21,86094, The One The Ick Factor,22,1,"['Gerston', 'Santos', 'Ethan']",2379,12,0.5,Uncharted,8.119,0,21.617,1.388,0,1,0,1,0,0,1,0,0,0,0.1018279338250451,324,224,375,434,408,175,3,0,0,0,0,0,0
22,86092, The One With The Birth,23,1,"['Nurse', 'Lydia', 'Susan', 'Carol', 'Franzblau', 'Janitor']",2885,21,0.2857142857142857,Uncharted,8.3,0,3.4485,3.596,0,0,0,0,0,0,0,0,0,0,0.0683042241019214,584,197,213,218,336,263,0,0,0,0,0,0,0
23,86095, The One Where Rachel Finds Out,24,1,"['Carl', 'Melanie', 'Julie', 'Intercom']",2946,11,0.4285714285714285,Uncharted,8.488,0,1.3065,0.6,1,0,1,0,0,0,0,0,0,0,0.0153557367810214,396,636,307,396,213,497,1,0,0,0,0,0,0
24,86118, The One With Ross's New Girlfriend,1,2,"['Paulo', 'Julie', 'Frankie']",2493,12,0.2857142857142857,Man in a Hole,8.4,0,4.138,2.304,0,1,0,0,0,0,1,0,0,0,0.0410406015201274,527,512,294,217,483,286,3,0,0,0,0,0,0
25,86113, The One With The Breast Milk,2,2,"['Susan', 'Julie', 'Carol']",2374,14,0.2857142857142857,Man in a Hole,7.927,0,4.138,2.447,0,0,0,0,0,0,0,0,0,1,0.0358952922077921,244,396,190,413,199,378,4,0,0,0,0,0,0
26,86231, The One Where Heckles Dies,3,2,"['Allison', 'Treeger', 'Boyle', 'Janice', 'Heckles']",2578,10,0.8571428571428571,Uncharted,8.4,0,1.5755,1.601,0,1,0,0,1,0,0,0,1,0,0.0487924254349874,255,289,675,372,478,262,1,0,0,0,0,0,0
27,86233, The One With Phoebe's Husband,4,2,"['Stranger', 'Julie', 'Duncan']",2698,12,0.5714285714285714,Uncharted,7.974,0,2.1565,1.388,1,0,1,0,0,1,0,0,0,0,0.1092587210218214,416,816,170,230,423,222,2,0,4,0,0,0,0
28,86120, The One With Five Steaks and an Eggplant,5,2,"['Steve', 'Waiter']",2781,12,0.625,Uncharted,8.116,0,1.632,0.6,0,0,1,1,0,0,0,1,0,0,0.069324930572572,500,217,669,389,259,231,2,0,0,0,0,0,0
29,86121, The One With The Baby On the Bus,6,2,"['Terry', '2', 'Stephanie', '1']",2639,15,0.25,Uncharted,8.333,1,2.1565,0.694,0,0,0,0,0,0,0,0,0,0,0.0263963105028887,364,268,374,312,509,339,6,0,0,0,0,0,0
30,86129, The One Where Ross Finds Out,7,2,"['Waiter', 'Julie', 'Michael']",2644,12,0.5714285714285714,Uncharted,8.714,0,2.7455,1.388,0,0,0,0,0,0,0,0,0,0,0.0669836516271534,416,901,390,154,402,162,3,1,0,0,0,0,0
31,86098, The One With The List,8,2,"['two', 'MNCA', 'CHAN', 'one', 'six', 'four', 'JOEY', 'RACH', 'three', 'ROSS']",2636,13,0.5714285714285714,Uncharted,8.15,0,5.837,4.7685,0,0,0,0,0,0,0,0,0,0,0.0541134733322233,0,0,0,0,0,0,2,5,1,2,0,0,0
32,86230, The One With Phoebe's Dad,9,2,"['TREEGER', 'ROSS']",2746,12,0.5,Uncharted,7.829,0,1.5755,2.917,0,0,0,0,0,0,0,0,0,0,0.0992374225725754,0,0,1,0,0,0,1,6,0,0,0,0,0
33,86131, The One With Russ,10,2,"['MNCA', 'CHAN', 'RACH', 'ESTL', 'RUSS', 'ROSS']",2742,9,0.625,Uncharted,8.0,1,1.802,2.744,0,0,0,0,0,0,0,0,0,0,0.0237972951085195,0,0,0,0,0,0,3,1,1,2,0,0,0
34,86102, The One With The Lesbian Wedding,11,2,"['WALLACE', 'ROSS', 'CAROL']",2684,0,0.75,Uncharted,8.125,0,1.802,0.621,0,0,0,0,0,0,0,0,0,0,0.0763025309310032,0,0,0,0,0,0,0,0,0,0,0,0,0
35,86132,The One After the Superbowl (1),12,2,"['JANITOR', 'ROB']",5198,28,0.5,Uncharted,8.333,0,4.138,1.388,0,0,0,0,0,0,0,0,0,0,0.1015488160073412,0,0,0,0,0,0,5,2,1,3,0,0,0
36,4537938,The One After the Superbowl (2),13,2,"['JANITOR', 'ROB']",5198,28,0.5,Uncharted,8.286,0,6.644,1.388,0,0,0,0,0,0,0,0,0,0,0.1015488160073412,0,0,0,0,0,0,5,2,1,3,0,0,0
37,86097, The One With The Prom Video,14,2,"['MONICA', 'ROSS', 'ROY', 'GAIL']",2941,11,0.375,Uncharted,9.0,0,3.7175,1.388,0,0,0,0,0,0,0,0,0,0,0.1020388726919339,0,0,0,0,0,0,3,5,0,2,0,0,0
38,86134, The One Where Ross and Rachel...You Know,15,2,"['ROSS', 'JOEY']",2369,15,0.75,Uncharted,8.575,0,4.138,1.601,0,0,0,0,0,0,0,0,0,0,0.0689496400338791,0,0,0,0,0,0,0,2,0,6,0,0,0
39,87700, The One Where Joey Moves Out,16,2,"['ROSS', 'FRIEND']",2761,16,0.4444444444444444,Uncharted,8.513,0,4.138,0.694,0,0,0,0,0,0,0,0,0,0,0.1222571846637267,0,0,0,0,0,0,0,2,0,5,0,0,0
40,86157, The One Where Eddie Moves In,17,2,"['ROSS', 'EDDIE']",2414,15,0.7,Uncharted,8.27,0,4.138,2.15,0,0,0,0,0,0,0,0,0,0,0.0844182032556288,0,0,0,0,0,0,4,3,0,5,0,0,0
41,1007805, The One Where Dr. Remoray Dies,18,2,"['ROSS', 'INTERCOM', 'EDDIE']",2566,15,0.5,Uncharted,8.077,0,4.138,1.788,0,0,0,0,0,0,0,0,0,0,0.1606719342085196,0,0,0,0,0,0,2,5,0,5,0,0,0
42,86184, The One Where Eddie Won't Go,19,2,"['ROSS', 'ESTELLE', 'EDDIE']",2713,15,0.7,Uncharted,8.359,0,4.138,1.601,0,0,0,0,0,0,0,0,0,0,0.0847029588467088,0,0,0,0,0,0,4,2,0,4,0,0,0
43,86207, The One Where Old Yeller Dies,20,2,"['ROSS', 'CAROL', 'BEN']",3136,11,0.4,Uncharted,8.026,0,4.138,2.15,0,0,0,0,0,0,0,0,0,0,0.1516047008547008,0,0,0,0,0,0,2,6,2,1,0,0,0
44,86210, The One With The Bullies,21,2,"['ROSS', 'BULLY']",2738,13,0.6363636363636364,Uncharted,8.026,0,4.138,0.72,0,0,0,0,0,0,0,0,0,0,0.0466366769195716,0,0,0,0,0,0,4,4,0,1,0,0,0
45,86212, The One With The Two Parties,22,2,"['ROSS', '1']",2621,7,0.3,Uncharted,8.658,0,4.138,1.388,0,0,0,0,0,0,0,0,0,0,0.1376395138107736,0,0,0,0,0,0,1,2,0,0,0,0,0
46,1007806, The One With The Chicken Pox,23,2,"['DOUGLAS', 'ROSS', 'PHOEBE']",2538,14,0.1818181818181818,Rags to Riches,8.103,0,4.138,0.6,0,0,0,0,0,0,0,0,0,0,0.0882080833396622,0,0,0,0,0,0,3,7,0,0,0,0,0
47,86229, The One With Barry and Mindy's Wedding,24,2,['ROSS'],2805,13,0.7142857142857143,Man in a Hole,8.179,0,4.138,1.788,0,0,0,0,0,0,0,0,0,0,0.1181711523816521,0,0,0,0,0,0,2,0,0,0,0,0,0
48,86272, The One With The Princess    Leia Fantasy,1,3,"['Geller', 'Janice']",2694,14,0.75,Uncharted,8.429,0,2.1565,1.601,0,0,0,0,0,0,0,0,0,0,0.0983033882350288,452,322,390,285,367,459,3,0,0,0,0,0,0
49,86286, The One Where No One's    Ready,2,3,"['Michelle', 'Whitfield', 'Richard']",36,4,0.0,Rags to Riches,8.61,0,2.1565,2.744,0,0,0,0,0,1,0,1,0,0,-0.3119658119658119,27,0,1,0,4,4,0,0,0,0,0,0,0
50,86277, The One With All The Jam,3,3,"['Malcom', 'Janice']",2759,11,0.5714285714285714,Rags to Riches,7.975,0,1.5755,1.021,1,0,0,0,1,0,1,0,0,0,0.0453334776334776,362,240,312,446,593,412,2,0,0,0,0,0,0
51,86278, The One With The    Metophorical Tunnel,4,3,"['Susan', 'Carol', 'Mike', 'Janice']",3219,12,0.4285714285714285,Uncharted,8.026,0,1.4,1.388,0,0,0,0,0,0,0,0,0,0,-0.0002966447989595,243,213,633,283,583,604,3,0,0,0,0,0,0
52,86280, The One With Frank Jr.,5,3,"['Frank', 'Isabella', 'Jasmine']",2761,15,0.625,Rags to Riches,8.077,0,1.516,2.394,0,0,1,0,0,0,0,0,0,0,0.0555951664435883,305,236,433,261,564,390,3,0,0,0,0,0,3
53,86281, The One With The    Flashback,6,3,"['2', '1', 'Janice', 'Eric', 'Heckles']",2559,16,0.5714285714285714,Uncharted,8.75,0,2.7455,4.7685,0,0,0,0,0,0,0,0,1,0,0.0950292358821998,417,270,415,450,445,205,1,2,0,2,0,0,0
54,86292, The One With The Racecar    Bed,7,3,"['Green', 'Gunther', 'Janice']",2900,17,0.4285714285714285,Uncharted,8.237,1,2.1565,1.261,0,0,0,0,0,0,0,0,0,0,0.0945659192505955,507,451,137,155,369,588,3,0,0,0,0,0,0
55,86298, The One With The Giant    Poking Device,8,3,"['Ben', 'Gunther', 'Janice']",2812,13,0.4285714285714285,Uncharted,8.289,0,2.1565,2.15,1,0,0,0,0,0,0,0,0,0,0.0924625631920808,405,345,538,386,303,499,2,0,0,0,0,0,0
56,86288, The One With The Football,9,3,['Margha'],3341,6,0.7142857142857143,Uncharted,8.474,0,1.5755,2.744,1,1,0,1,0,0,0,0,0,0,0.0877792274296045,625,264,517,816,223,381,0,0,0,0,0,0,0
57,86334, The One Where Rachel    Quits,10,3,"['Sarah', 'Gunther']",3109,15,0.5714285714285714,Man in a Hole,8.15,0,2.4105,1.601,0,0,0,0,0,0,0,0,0,0,0.0279222753497729,742,548,323,159,302,348,5,0,0,0,0,0,0
58,86340, The One Where Chandler    Can't Remember Which Sister,11,3,"['Kaplan', 'Mark', 'Gunther', 'Guy']",3087,14,0.7142857142857143,Uncharted,8.308,0,2.4105,1.388,0,1,0,0,0,0,1,0,0,0,0.0021271500345719,522,522,584,399,164,509,1,0,0,0,0,0,0
59,86349, The One With All The    Jealousy,12,3,"['Mark', 'Quartet', 'Julio', 'Gunther', 'Jeannine']",2773,16,0.2857142857142857,Uncharted,8.139,0,11.6245,0.621,0,0,0,0,0,0,0,0,0,0,0.0051223747160397,499,392,485,316,148,249,2,0,0,0,0,0,0
60,86353, The One Where Monica And    Richard Are Friends,13,3,"['Clerk', 'Richard', 'Gunther', 'Robert']",2770,14,0.4285714285714285,Uncharted,8.189,0,11.6245,1.388,0,0,0,0,0,0,0,0,0,0,0.0650430890649101,203,316,229,688,220,371,4,0,0,0,0,0,0
61,1007807, The One With Phoebe's    Ex-Partner,14,3,"['Mark', 'Lecturer', 'Ginger', 'Gunther', 'Leslie']",2803,19,0.7142857142857143,Uncharted,7.838,0,11.319,1.021,0,0,0,0,0,0,0,0,0,0,0.0453658044299152,382,347,407,193,536,274,6,0,0,0,0,0,0
62,86300, The One Where Ross and    Rachel Take A Break,15,3,"['Chloe', 'Mark', 'Sophie', 'Sergei', 'Mischa', 'Issac']",2801,17,0.25,Uncharted,8.027,0,3.7175,1.388,0,0,0,0,0,0,0,0,0,0,-0.0038941525062521,406,618,259,254,415,198,2,0,0,0,0,0,0
63,86304, The One The Morning After,16,3,"['Mark', 'Chloe', 'Gunther', 'Jasmine', 'Issac']",3129,14,0.4285714285714285,Uncharted,8.5,0,3.7175,4.7685,0,0,0,0,0,0,0,1,0,0,0.0100971813105129,1112,652,290,260,242,267,1,0,0,0,0,0,0
64,86358, The One Without The Ski    Trip,17,3,['Carol'],3222,11,0.5714285714285714,Uncharted,8.216,0,2.4065,2.394,0,0,1,0,1,0,0,0,0,1,0.03351623218142,667,384,434,322,631,383,1,0,1,0,0,0,0
65,86359, The One With The Hypnosis    Tape,18,3,"['Alice', 'Frank', 'Pete', 'Gunther', 'Walker']",3146,16,0.4285714285714285,Uncharted,8.2,0,11.6245,1.261,0,0,0,0,0,0,0,0,0,0,0.0973769820651733,206,270,244,326,572,233,2,0,0,0,0,0,3
66,86360, The One With The Tiny    T-Shirt,19,3,"['Mark', 'Pete', 'Gunther', 'Kate']",2887,16,0.8571428571428571,Uncharted,8.139,0,2.4105,2.15,0,0,0,0,0,0,0,0,0,0,0.1108658540824682,462,399,436,313,129,392,3,0,0,0,0,0,0
67,86306, The One With The    Dollhouse,20,3,"['Sophie', 'Lauren', 'Kate', 'Joanna']",2977,15,0.0,Uncharted,8.0,0,2.4105,1.021,0,0,0,0,0,0,0,0,0,0,0.0423272172830841,268,338,469,266,340,506,1,0,0,0,0,0,0
68,86365, The One With A    Chick.Â  And A Duck,21,3,"['Pete', 'Gunther']",3203,16,0.1428571428571428,Uncharted,8.361,0,4.138,0.6,0,0,0,0,0,0,0,0,0,0,0.0919603927402549,596,509,513,600,231,282,3,0,0,0,0,0,0
69,86310, The One With The Screamer,22,3,"['Cailin', 'Lauren', 'Tommy', 'Pete', 'Gunther', 'Estelle', 'Kate']",2967,13,0.0,Uncharted,8.171,0,2.7455,2.394,0,1,0,0,0,0,0,0,0,0,-0.0614529229493893,361,173,180,192,371,636,1,0,0,0,0,0,0
70,86318, The One With Ross's Thing,23,3,"['Jason', 'Johnson', 'Pete', 'Vince', 'Rhodes']",3040,15,0.2857142857142857,Rags to Riches,8.028,0,3.842,2.4285,0,0,0,0,0,0,0,0,0,0,0.0204831341621766,306,239,196,428,698,203,4,0,0,0,0,0,0
71,86369, The One With The Ultimate    Fighting Championship,24,3,"['Stevens', 'Hoshi', 'Phil', 'Billy', 'Doug', 'Pete', 'Bonnie', 'Robin']",3083,15,0.4285714285714285,Man in a Hole,8.026,0,21.617,1.788,0,0,0,0,0,0,0,0,0,0,0.0329968162671799,231,319,328,412,356,111,4,0,0,0,0,0,0
72,86330, The One At The Beach,25,3,['Bonnie'],3157,13,0.7142857142857143,Uncharted,8.472,0,3.296,1.788,0,0,0,0,0,0,0,1,0,0,0.0552003411638412,467,423,318,192,761,283,2,0,0,0,0,0,0
73,86528, The One With The Jellyfish,1,4,"['5', 'Ursula', 'Bonnie']",2627,13,0.5714285714285714,Uncharted,8.842,0,3.842,1.021,0,1,0,0,0,0,0,0,0,0,-0.0783889395896788,573,378,250,189,395,259,2,0,0,0,0,0,0
74,86453, The One With The Cat,2,4,"['Peter', 'Tony']",2735,15,0.1428571428571428,Uncharted,8.029,0,3.842,0.6,1,0,0,0,0,1,1,0,0,0,0.0489528286751606,373,405,271,430,376,360,3,0,0,0,0,0,0
75,86385, The One With The 'Cuffs,3,4,"['Sophie', 'Geller', 'Salesman', 'Joanna']",3075,16,0.1666666666666666,Uncharted,8.514,0,3.859,1.261,0,0,0,0,0,0,0,0,0,0,0.0190973443008101,40,509,720,412,308,327,1,0,0,0,0,0,0
76,86388, The One With The Ballroom Dancing,4,4,"['Simon', 'Lambert', 'Rick', 'Treeger', 'Potter']",2684,15,0.5714285714285714,Uncharted,8.194,0,2.681,2.4285,1,1,0,1,0,0,0,0,0,0,0.1214578377436833,141,183,242,210,469,629,1,0,0,0,0,0,0
77,86401, The One With Joey's New Girlfriend,5,4,"['Amanda', 'Josh', 'Gunther', 'Kathy']",2738,16,0.0,Uncharted,8.306,0,2.681,1.601,0,0,0,0,0,0,0,0,0,0,-0.0089029713202745,349,269,675,301,384,229,5,0,0,0,0,0,0
78,86403, The One With The Dirty Girl,6,4,"['Burkart', 'Cheryl', 'Gunther', 'Kathy']",263,13,0.0,Rags to Riches,8.457,1,3.842,2.394,0,0,1,0,1,0,0,0,0,0,-0.4272806186868687,2,39,0,16,17,0,2,0,0,0,0,0,0
79,86405, The One Where Chandler Crosses the Line,7,4,"['Casey', 'Kathy']",2753,11,0.5714285714285714,Man in a Hole,8.4,0,1.519,2.15,0,0,0,0,0,0,0,0,1,0,0.0365467014328114,368,70,910,130,304,638,5,0,0,0,0,0,0
80,86406, The One With Chandler In A Box,8,4,"['Burke', 'Tim', 'Gunther', 'Kathy']",2962,9,0.7142857142857143,Uncharted,8.722,0,3.859,1.388,1,1,0,0,0,0,0,0,0,0,0.0013299690141207,351,280,587,445,309,508,1,0,0,0,0,0,0
81,86437, The One Where They're Gonna PARTY!,9,4,"['Lynch', 'Sophie', 'Allesandro', 'Posner', 'Gunther', 'Joanna']",3018,14,0.2857142857142857,Uncharted,8.057,0,3.859,2.4285,0,0,0,0,0,0,0,0,0,0,0.1240623211465208,237,470,288,579,379,281,3,0,0,0,0,1,0
82,86408, The One With The Girl From Poughkeepsie,10,4,"['Poughkeepsie', 'Mike', 'Drew', 'Waiter']",2951,16,0.4285714285714285,Uncharted,7.914,0,2.843,3.0,1,0,1,0,0,0,0,0,0,0,0.0496345346191563,324,374,585,580,353,379,5,0,0,0,0,0,0
83,86460, The One With Phoebe's Uterus,11,4,"['Alice', 'Frank', 'Kathy']",2877,11,0.1666666666666666,Uncharted,8.629,0,8.316,1.261,0,1,0,0,0,0,0,0,0,0,0.088700311017269,296,215,315,312,485,376,3,0,0,0,0,0,0
84,86407, The One With The Embryos,12,4,"['Alice', 'Zane', 'Frank']",2764,10,0.5,Uncharted,8.897,0,1.519,0.6,1,1,0,0,0,0,0,0,0,0,0.0757986284859604,474,428,280,430,525,232,0,0,0,0,0,0,0
85,86475, The One With Rachel's Crush,13,4,"['Waltham', 'Joshua', 'Kathy']",3289,13,0.2857142857142857,Oedipus,8.25,0,3.086,1.788,0,0,0,0,0,1,0,1,0,0,0.0960597364784376,259,718,648,327,234,416,1,0,0,0,0,3,0
86,955151, The One With Joey's Dirty Day,14,4,"['Waltham', 'Heston', 'Joshua']",3378,11,0.4285714285714285,Uncharted,8.417,0,3.859,1.021,0,0,0,0,1,0,0,0,0,1,0.0134724306493709,267,648,573,369,290,432,1,0,0,0,0,1,0
87,86483, The One With All The Rugby,15,4,"['Emily', 'Devon', 'Chatracus', 'Janice', 'Liam']",3111,14,0.2857142857142857,Uncharted,8.3,0,3.7175,1.788,0,0,0,0,0,0,0,0,0,0,0.0501102174442018,580,238,539,404,155,232,2,0,0,0,0,0,0
88,87731, The One With The Fake Party,16,4,"['Emily', 'Joshua', 'Gunther']",2876,7,0.0,Uncharted,8.139,0,4.138,1.788,0,0,0,0,0,0,1,0,0,0,0.1069595579117063,410,1022,170,95,254,320,1,0,0,0,0,1,0
89,86413, The One With The Free Porn,17,4,"['Alice', 'Emily', 'Frank', 'Treeger']",3010,13,0.1428571428571428,Uncharted,8.389,0,4.138,1.788,0,0,0,1,0,0,0,0,1,0,0.1608710332554915,460,180,299,512,529,221,1,0,0,0,0,0,0
90,86416, The One With Rachel's New Dress,18,4,"['Alice', 'Emily', 'Susan', 'Joshua', 'Carol', 'Burgin']",2941,13,0.4285714285714285,Uncharted,8.028,0,2.1565,1.788,0,0,0,0,0,0,0,0,0,0,0.1039936915171543,471,494,329,141,389,254,2,0,2,0,0,0,0
91,1007808, The One With All The Haste,19,4,"['Emily', 'Gunther']",2644,8,0.4285714285714285,Uncharted,8.579,0,1.5755,2.0105,1,0,1,0,0,1,0,0,0,0,0.0975404859744736,580,294,507,207,286,400,1,0,1,0,0,0,0
92,86423, The One With All The Wedding Dreses,20,4,"['Marjorie', 'Joshua', 'Gunther', 'Saleslady']",2581,13,0.4285714285714285,Uncharted,8.389,0,2.1565,1.788,0,0,0,0,0,0,0,0,0,0,0.0436508619063412,341,725,337,408,179,243,3,0,0,0,0,0,0
93,86426, The One With The Invitation,21,4,"['Chloe', 'Geller', 'Julie', 'Gunther']",2972,29,0.1428571428571428,Uncharted,7.333,0,2.7455,1.261,0,0,0,0,0,0,0,0,0,0,0.0604741177919912,803,1011,292,146,92,208,6,0,2,0,0,0,0
94,86429, The One With The Worst Best Man Ever,22,4,"['Gunther', 'Stripper']",3164,16,0.4285714285714285,Uncharted,8.143,0,2.7455,1.788,1,0,1,0,0,0,0,0,0,1,0.1442099916980356,509,246,289,292,510,1061,3,0,0,0,0,0,0
95,86432, The One With Ross's Wedding Parts I and II,23,4,"['Emily', 'Waltham', 'Geller', 'Fergie', 'Minster', 'Waiter']",3617,29,0.3333333333333333,Rags to Riches,8.4,0,1.5755,1.388,0,0,0,1,0,0,0,0,0,0,0.0660793612412007,528,392,334,400,738,464,0,0,0,0,0,0,0
96,86534, The One After Ross Says Rachel,1,5,"['Emily', 'Waltham', 'Geller']",2896,9,0.2857142857142857,Rags to Riches,8.67,0,1.7372499999999995,1.261,0,0,0,0,0,0,0,0,0,0,0.0084947680357836,566,532,466,395,120,267,0,0,0,0,0,0,0
97,86535, The One With All The Kissing,2,5,"['Gunther', 'Dave']",2870,10,0.4285714285714285,Cinderella,8.7,0,2.06825,1.021,0,0,1,0,1,0,0,0,0,1,0.0267140415977905,451,803,374,626,258,209,3,0,0,0,0,0,0
98,86698, The One Hundredth,3,5,"['Alice', 'Harad', 'Frank', 'Dan', 'Oberman']",2689,17,0.5714285714285714,Uncharted,8.5,0,1.7372499999999995,4.7685,0,0,0,0,1,0,0,1,0,0,0.0975368805421729,104,386,275,218,615,323,0,0,0,0,0,0,0
99,86715, The One Where Phoebe Hates PBS,4,5,"['Emily', 'Emeril']",2986,14,0.5714285714285714,Uncharted,8.1,0,2.318,1.608,0,0,1,0,0,0,0,0,1,0,0.0558817599564749,599,286,395,310,450,382,2,0,2,0,0,0,0
100,86536, The One With All the Kips,5,5,[],2707,13,0.375,Uncharted,8.6,0,2.129,3.0,1,1,1,0,0,0,0,0,0,0,0.0001694904845242,451,440,471,592,142,385,3,0,0,0,0,0,0
101,86542, The One With The Yeti,6,5,"['Emily', 'Gunther', 'Danny']",2930,12,0.4285714285714285,Man in a Hole,8.0,1,2.06825,1.388,0,0,1,1,0,0,0,0,0,0,0.0531569333519091,520,440,178,350,445,591,3,0,2,0,0,0,0
102,86544, The One Where Ross Moves In,7,5,"['Larry', 'Tom', 'Gunther', 'Danny']",3136,16,0.2857142857142857,Uncharted,8.2,0,2.06825,1.8695,0,0,0,0,0,0,0,0,0,0,0.092664132540629,432,437,416,252,343,633,4,0,0,0,0,0,0
103,86548, The One With The Thanksgiving Flashbacks,8,5,"['Geller', 'Bing', 'Paramedic']",3284,15,0.2857142857142857,Icarus,8.5,0,2.0976666666666666,1.594,0,0,0,0,0,0,0,0,0,0,0.0362045004297011,336,331,518,726,289,213,0,0,0,1,0,0,0
104,86551, The One With Ross's Sandwich,9,5,"['Cynthia', 'Leedbetter']",2804,13,0.7142857142857143,Man in a Hole,8.6,0,2.06825,2.4285,0,1,0,0,1,0,0,0,0,0,-0.0327112573119665,441,436,214,294,465,543,3,0,0,2,0,0,0
105,86553, The One With The Inappropriate Sister,10,5,"['Bob', 'Krista', 'Estelle', 'Danny']",2741,17,0.0,Uncharted,8.0,0,2.129,1.788,0,0,0,0,0,0,0,0,0,0,0.0544654206904207,418,315,276,212,334,558,2,0,0,6,0,0,0
106,86558, The One With All The Resolutions,11,5,"['Ben', 'one', 'Elizabeth']",3307,11,0.6666666666666666,Uncharted,8.7,0,2.59475,1.788,1,0,0,1,0,1,0,0,0,0,0.0844316640246757,817,487,304,212,405,782,3,0,2,1,0,0,0
107,86566, The One With Chandler's Work Laugh,12,5,"['Doug', 'Kara', 'Gunther', 'Janice']",2994,15,0.2857142857142857,Oedipus,8.3,0,1.7372499999999995,0.6,0,0,0,0,0,0,0,0,0,0,0.0629745637488255,427,482,458,646,124,288,3,0,0,5,0,0,0
108,86571, The One With Joey's Bag,13,5,['Ursula'],2886,12,0.2857142857142857,Cinderella,8.1,0,2.02775,1.788,0,0,0,0,0,1,0,1,0,0,0.07586170707533,110,263,320,291,729,598,3,0,0,0,0,1,0
109,86721, The One Where Everyone Finds Out,14,5,['Ledbetter'],3050,11,0.4285714285714285,Uncharted,9.0,0,3.0185,1.388,0,0,0,0,1,1,0,0,0,0,0.0818903088975606,419,456,558,277,873,274,1,0,1,1,0,0,0
110,86573, The One With The Girl Who Hits Joey,15,5,"['3', 'Katie', 'Steve', 'Guy']",3093,13,0.2857142857142857,Man in a Hole,8.3,0,1.7372499999999995,2.15,0,0,0,1,0,0,0,0,0,0,0.0741123389161137,498,287,565,465,444,268,5,0,3,0,0,0,0
111,86727, The One With A Cop,16,5,"['Saleswoman', 'Gary', 'Guy']",3233,13,0.1428571428571428,Uncharted,8.5,0,1.6514999999999995,1.788,0,0,0,0,0,0,0,0,0,0,0.0771164257851169,543,389,325,193,512,527,3,0,0,0,0,0,0
112,86574, The One With Rachel's Inadvertant Kiss,17,5,"['Gary', 'Zelner']",3188,16,0.5,Cinderella,8.5,0,2.318,2.4285,0,0,0,0,0,0,0,0,0,0,0.0525460473807766,196,783,374,581,266,521,2,0,0,0,0,0,0
113,86737, The One Where Rachel Smokes,18,5,"['Ben', 'Nancy', 'Kim', 'Carol', 'Raymond', 'Kyle']",3096,14,0.25,Uncharted,7.8,0,3.311,1.608,0,0,0,0,0,0,0,0,0,0,0.0806845711808485,332,577,222,250,276,688,2,0,0,0,0,0,0
114,86576, The One Where Ross Can't Flirt,19,5,['Caitlin'],3090,6,0.5,Uncharted,8.6,0,2.02775,0.621,0,0,1,0,0,1,0,0,0,0,0.0087783734257747,503,662,544,368,345,445,0,0,0,0,0,0,0
115,86577, The One With The Ride Along,20,5,"['Emily', 'Gary']",2973,12,0.5714285714285714,Uncharted,8.3,0,2.06825,1.5245,1,0,0,1,0,0,1,0,0,0,0.0738488490331971,557,577,335,463,113,381,3,0,4,0,0,0,0
116,86579, The One With The Ball,21,5,"['2', '1', 'Gunther', 'Gary']",3581,12,0.4285714285714285,Uncharted,8.297,0,2.843,1.594,0,0,0,0,0,0,0,0,0,0,0.0520235319902639,358,617,485,533,561,288,4,0,0,0,0,0,1
117,86614, The One With Joey's Big Break,22,5,"['Grip', 'Miller', 'Husband', 'Stanley']",3811,12,0.2857142857142857,Uncharted,8.135,0,2.843,1.021,0,0,0,0,0,0,0,0,0,0,0.102597379162503,323,487,498,599,527,888,4,0,0,0,0,0,0
118,86620, The One In Vegas,23,5,"['Lurker', 'Guy', 'Gambler']",6662,28,0.5,Uncharted,8.474,0,1.519,2.4285,0,0,0,0,0,0,0,0,0,0,0.0621215878102659,949,996,884,822,927,971,0,0,0,0,0,0,0
119,86757, The One After Vegas,1,6,"['Croupler', 'Hitchhiker', 'Attendant']",2833,14,0.1428571428571428,Uncharted,8.65,0,1.519,2.15,0,0,1,0,1,0,0,0,0,0,0.0980382211978526,352,371,482,416,446,486,3,0,0,0,0,0,0
120,86776, The One Where Ross Hugs Rachel,2,6,"['Karin', 'Russell', 'Stephanie', 'Meg']",3160,11,0.0,Man in a Hole,8.27,0,2.681,1.788,0,0,0,0,0,0,0,0,0,0,0.091160423868448,641,428,283,646,521,247,4,0,0,0,0,0,0
121,86782, The One With Ross's Denial,3,6,['Gunther'],3305,14,0.2857142857142857,Uncharted,8.243,0,2.843,1.261,0,0,0,0,0,0,0,0,0,0,0.1258997191617581,757,498,516,343,500,495,5,0,1,0,0,0,0
122,86788, The One Where Joey Loses His Insurance,4,6,"['2', '1', 'Russell', 'Alex', 'Estelle']",3045,18,0.5,Uncharted,8.342,0,2.843,2.4285,0,0,0,0,0,0,1,0,0,0,0.0086495547703821,681,302,287,178,383,637,2,0,1,0,0,0,0
123,1007810, The One With Joey's Porsche,5,6,"['Passerby', 'Gunther']",3396,13,0.2857142857142857,Uncharted,8.053,0,2.843,1.303,0,0,1,0,0,0,0,0,0,0,0.1137929587731778,418,590,507,300,676,443,2,0,1,0,0,0,0
124,86824, The One Where Phoebe Runs,7,6,['Janine'],2897,15,0.5714285714285714,Uncharted,8.297,0,2.843,1.788,0,0,0,0,1,1,0,0,0,0,0.0512487338213322,485,369,665,351,307,495,2,0,0,0,0,0,1
125,86828, The One With Ross's Teeth,8,6,"['Janine', 'Hillary', 'Kim']",129,17,0.0,Rags to Riches,8.237,0,2.843,1.8695,1,1,0,0,0,0,1,0,0,0,-0.5833333333333334,0,0,2,0,0,1,3,0,2,0,3,0,0
126,87001, The One Where Ross Got High,9,6,"['Janine', 'Geller']",3333,8,0.5,Rags to Riches,8.615,0,1.519,1.594,0,0,0,0,0,0,0,0,0,1,0.027593739521732,613,536,440,494,370,418,0,0,0,0,0,0,0
127,86836, The One With The Routine,10,6,['Janine'],2757,12,0.1428571428571428,Uncharted,8.256,0,1.519,1.46,1,1,0,1,0,0,0,0,0,0,0.1581275128730726,328,339,433,374,201,505,1,0,0,0,0,0,0
128,86845, The One With The Apothecary Table,11,6,['Janine'],3054,13,0.375,Uncharted,8.184,1,1.519,1.46,0,0,0,0,0,0,0,0,0,0,0.0756291067358665,270,616,322,342,489,674,2,0,2,0,0,0,0
129,86853, The One With The Joke,12,6,"['Patron', 'Gunther']",3059,13,0.2857142857142857,Uncharted,8.114,0,2.843,2.4285,1,0,0,1,0,0,0,0,0,1,0.0495577969389444,329,492,565,511,230,657,6,0,0,0,0,0,0
130,86859, The One With Rachel's Sister,13,6,"['Jill', 'Gunther']",2888,11,0.2857142857142857,Man in a Hole,8.108,0,2.843,1.788,0,0,0,0,0,0,0,0,0,0,0.0213183739504824,249,792,393,389,234,188,5,0,0,0,0,0,0
131,86873, The One Where Chandler Can't Cry,14,6,"['Jill', 'Buffay', 'Gunther', 'Ursula']",3115,13,0.4285714285714285,Uncharted,8.211,0,1.519,2.4285,0,0,0,0,0,0,0,0,0,0,0.0120405853342277,512,697,310,349,282,342,5,0,2,0,0,0,0
132,86886, The One That Could Have Been,15,6,"['Barry', 'Roger', 'Ben', 'Wesley', 'Susan', 'Carol', 'Remoray', 'Arthur', 'Jack']",6097,29,0.4285714285714285,Uncharted,7.817,0,6.644,3.32025,0,0,0,0,0,0,0,0,0,0,0.0482974627161601,862,864,808,826,828,944,5,0,0,0,0,0,0
133,86912, The One With The Unagi,16,6,"['Carl', 'Gunther', 'Janice']",3055,15,0.6666666666666666,Uncharted,8.684,0,2.843,2.15,0,0,0,0,0,0,0,0,0,0,0.0365009954866711,611,299,604,386,232,470,3,0,1,0,0,0,0
134,87002, The One Where Ross Dates A Student,17,6,"['Lydia', 'Burt', 'Mel', 'Elizabeth', 'Dana']",3023,20,0.2857142857142857,Uncharted,8.211,0,2.843,1.261,0,0,0,0,0,1,0,0,0,1,0.0659260330737193,512,274,478,338,350,550,2,0,1,0,0,0,0
135,86925, The One With Joey's Fridge,18,6,"['Patrick', 'Sebastian', 'Elizabeth', 'Feesen', 'Guy', 'Eldad']",3077,13,0.375,Uncharted,8.243,0,3.142,1.8695,0,0,0,0,1,0,0,0,1,0,0.1343760888501741,672,488,382,300,436,407,4,2,0,0,0,0,0
136,86946, The One Where Ross Meets Elizabeth's Dad,20,6,"['Wayne', 'Paul', 'Estelle', 'Elizabeth']",3348,16,0.2857142857142857,Uncharted,8.306,0,6.644,3.0,0,0,0,0,1,0,0,0,0,0,0.0460781376951745,546,463,254,219,288,647,4,4,0,0,0,0,0
137,955152, The One Where Paul's The Man,21,6,"['Paul', 'Gunther', 'Elizabeth']",3127,15,0.7142857142857143,Uncharted,8.639,0,2.843,1.788,0,0,0,0,0,0,0,0,0,0,0.0534393625851145,493,518,169,285,355,330,3,3,0,0,0,0,0
138,86762, The One With The Ring,22,6,"['Paul', 'Gunther']",3115,16,0.4285714285714285,Uncharted,8.444,0,2.843,2.4285,0,0,0,0,0,0,0,0,0,0,0.0686385106558751,281,624,698,49,625,225,3,3,0,0,0,0,0
139,86979, The One With The Proposal,23,6,"['Lisa', 'Bowmont', 'Richard', 'Sarah', 'Thompson', 'Elizabeth']",6344,28,0.4285714285714285,Uncharted,8.417,0,1.519,2.41125,0,0,0,0,0,0,0,0,0,0,0.0732076566558441,543,887,1263,1020,541,690,5,6,1,0,0,0,0
140,87009, The One With Rachel's Book,2,7,['Geller'],2844,13,0.1428571428571428,Man in a Hole,8.1,0,6.644,2.4285,1,0,0,0,0,0,0,0,0,0,0.0130776413979538,363,398,476,479,275,403,1,4,3,0,0,0,0
141,87010, The One With Phoebe's Cookies,3,7,['Geller'],3180,12,0.4285714285714285,Uncharted,8.1,0,2.843,1.788,0,0,0,0,0,0,0,0,0,1,0.0858080247881702,347,748,413,456,365,510,3,5,0,0,0,0,0
142,87011, The One With Rachel's Assistant,4,7,"['Hilda', 'Terry', 'Tag', 'Mac', 'Kathy']",2962,15,0.2857142857142857,Uncharted,7.9,0,48.006,1.46,0,0,0,0,0,0,0,0,0,0,0.047368459367423,345,680,380,281,144,549,3,4,0,0,0,0,0
143,87017, The One With The Engagement Picture,5,7,"['Whitney', 'Tag', 'Melissa', 'Kyle']",3048,16,0.5,Uncharted,8.0,1,6.14,2.958,0,0,0,0,0,0,0,0,0,0,0.1149093385994387,433,645,323,240,484,302,6,1,1,0,0,0,0
144,87023, The One With The Nap Partners,6,7,"['Julie', '1']",2979,13,0.4285714285714285,Uncharted,8.5,0,2.843,0.84,0,0,0,1,0,0,0,0,0,0,0.1475145371568335,234,705,455,486,333,431,3,3,2,0,0,0,0
145,87198, The One With Ross's Library Book,7,7,"['Erin', 'Janice']",2981,13,0.1428571428571428,Uncharted,8.2,0,2.843,3.0,0,0,0,0,0,0,0,0,0,0,0.0505813715082731,459,418,323,338,165,539,2,1,0,0,0,0,0
146,87200, The One Where Chandler Doesn't Like Dogs,8,7,"['Tag', 'one']",2900,8,0.4285714285714285,Icarus,8.0,0,2.843,2.958,0,0,0,0,0,0,0,1,1,0,-0.018226841567302,379,512,555,375,416,306,0,5,2,0,0,0,0
147,87024, The One With All The Candy,9,7,"['Tag', 'Ben', 'Knocker', 'Gary', 'Zelner']",3024,13,0.2857142857142857,Man in a Hole,8.1,0,48.006,1.021,0,0,0,0,0,0,0,0,0,0,0.0574413212132096,489,511,345,453,430,193,4,4,0,0,0,0,0
148,87025, The One With The Christmas Armadilio,10,7,"['Ben', 'Gunther']",2751,14,0.4285714285714285,Uncharted,8.3,0,2.843,1.594,0,0,0,0,0,0,0,0,0,0,0.0112306712323334,553,445,519,291,527,108,2,3,1,0,0,0,0
149,87027, The One With All The Cheesecakes,11,7,"['David', '9', 'Frannie', 'Waiter']",3444,16,0.5714285714285714,Uncharted,8.4,1,2.843,1.788,0,0,0,0,0,0,0,0,0,0,8.135103608278775e-05,428,508,494,332,584,497,5,0,0,0,0,0,0
150,87039, The One Where They're Up All Night,12,7,['Tag'],3187,20,0.3333333333333333,Uncharted,8.3,0,1.519,1.788,0,0,0,1,0,0,0,0,0,0,0.0343007122294842,567,640,316,288,407,373,0,0,0,0,0,0,4
151,87047, The One Where Rosita Dies,13,7,"['Earl', 'Geller', 'Guy', 'Supervisor']",3775,18,0.2857142857142857,Uncharted,8.3,0,2.843,0.84,0,0,0,0,0,0,0,0,0,0,0.0035478433382961,544,478,264,424,656,359,1,0,0,0,0,0,0
152,87053, The One Where They All Turn Thirty,14,7,"['Tag', 'Geller', 'Ursula']",3337,14,0.5,Uncharted,8.4,0,3.423,3.163,0,0,1,0,0,1,0,1,0,0,0.072252393973367,429,692,500,394,496,234,0,0,0,0,0,0,0
153,87057, The One With Joey's New Brain,15,7,"['Tom', 'Fredrick', 'Cecilia', 'Guy', 'Dina']",3751,15,0.4285714285714285,Uncharted,8.1,0,1.519,2.4285,0,0,0,0,0,0,0,0,0,0,0.0677947647367425,330,656,204,266,451,693,2,0,0,0,0,0,2
154,87088, The One With The Truth About London,16,7,"['Ben', 'Carol']",4038,15,0.4285714285714285,Uncharted,8.4,0,48.006,1.788,0,0,1,0,0,0,0,0,0,0,0.1012765346551588,449,776,663,574,350,904,5,0,0,0,0,0,0
155,87093, The One With The Cheap Wedding Dress,17,7,"['Megan', 'Kristen']",2932,13,0.2857142857142857,Uncharted,8.1,0,1.519,2.4285,0,0,0,0,0,0,0,0,0,0,0.0701861461914311,611,179,378,501,268,604,3,0,1,0,0,0,0
156,87106, The One With Joey's Award,18,7,"['Lewis', 'Morse', 'Jake']",2897,16,0.6666666666666666,Uncharted,8.2,0,2.843,1.46,0,0,0,0,0,0,0,0,0,0,0.1090728089129052,448,420,113,498,411,555,4,0,0,0,0,0,0
157,87135, The One With Ross and Monica's Cousin,19,7,"['Cassie', 'Estelle']",3103,17,0.1666666666666666,Uncharted,8.531,0,2.843,2.4285,0,0,0,0,0,0,0,0,0,0,0.0708008972103239,441,370,100,642,371,581,2,0,3,0,0,0,4
158,87157, The One With Rachel's Big Kiss,20,7,"['Gunther', 'Melissa']",3031,12,0.1428571428571428,Uncharted,8.2,0,2.843,2.394,0,0,0,0,0,0,0,0,0,0,-0.0021299730598012,169,769,384,445,183,517,2,0,0,0,2,0,0
159,87162, The One With Chandler's Dad,22,7,"['Helena', 'Policeman', 'Drag', 'Jake']",3074,15,0.4285714285714285,Uncharted,8.4,0,2.843,0.84,0,0,0,0,0,0,0,0,0,0,0.1011103785147555,406,352,482,332,213,389,5,0,0,0,0,0,0
160,87181, The One With Monica and Chandler's Wedding,23,7,"['Geller', 'Bing', 'Richard', 'Gunther']",5524,26,0.4285714285714285,Uncharted,8.9,0,1.519,3.710333333333333,0,0,0,0,0,0,0,0,0,0,0.0749710475466869,925,735,651,700,519,793,2,0,0,0,0,0,0
161,87204," The One After ""I Do""",1,8,"['Gert', 'Geller', 'Bing', 'Mona', 'Ashley', 'Waiter']",2878,6,0.2857142857142857,Uncharted,8.7,0,1.519,4.7685,0,0,0,0,0,0,0,0,0,0,0.1190333001316305,464,437,221,459,336,506,0,0,0,0,0,0,0
162,87228, The One With The Red Sweater,2,8,['Tag'],2877,12,0.2857142857142857,Uncharted,9.0,0,48.006,1.788,0,0,0,0,0,0,0,0,0,0,0.0672032546277236,437,413,457,416,572,348,3,0,0,0,0,0,0
163,87243, The One Where Rachel Tells...,3,8,"['Treeger', 'Long']",2894,12,0.25,Uncharted,8.7,0,1.751,1.788,0,0,0,0,0,0,0,0,0,0,0.0718537183201758,780,480,172,338,252,359,0,0,2,0,0,0,0
164,955153, The One With The Videotape,4,8,['Kristen'],2877,10,0.4285714285714285,Uncharted,9.152,0,1.519,3.0,0,1,0,1,0,0,0,0,0,0,0.0557690998850254,761,699,218,358,176,511,0,0,1,0,0,0,0
165,87269, The One With Rachel's Date,5,8,"['Tim', 'Bob', 'Mona', 'Franklin', 'Kash']",3238,16,0.2857142857142857,Uncharted,8.382,0,2.843,0.72,0,0,0,0,0,0,0,0,0,0,0.1090149684639504,650,360,328,352,374,435,3,0,0,0,0,0,0
166,87285, The One With The Halloween Party,6,8,"['Ballerina', 'Mona', 'Gunther', 'Ursula', 'Eric']",3031,6,0.1428571428571428,Man in a Hole,8.7,1,6.14,1.788,1,0,1,1,0,0,0,0,0,0,0.0734159213108358,272,503,220,367,492,388,1,0,0,0,0,0,0
167,87307, The One With The Stain,7,8,"['Brenda', 'Gunther', 'Eric']",2916,16,0.125,Uncharted,8.3,0,1.519,2.197,0,0,0,0,0,0,0,0,0,0,0.074218068301513,290,413,258,445,335,365,2,0,0,0,0,0,0
168,87308, The One With The Stripper,8,8,"['Green', 'Stu', 'Mona', 'Stripper', 'Hooker', 'Waiter']",3174,15,0.0,Man in a Hole,8.9,0,48.006,2.4285,0,0,0,0,0,0,0,0,0,0,0.0258951582427676,413,541,385,291,246,382,2,0,4,0,0,0,0
169,87309, The One With The Rumor,9,8,[],3060,4,0.4285714285714285,Man in a Hole,9.1,0,2.843,1.788,0,0,0,0,0,0,0,0,0,0,0.0023825644213561,373,553,169,765,288,353,0,0,0,0,0,0,0
170,87310, The One With Monica's Boots,10,8,"['Ben', 'Bobby', 'Dina']",3209,13,0.5,Uncharted,8.3,0,1.519,0.84,0,0,0,0,0,0,0,0,0,0,0.0943195507105599,183,458,269,508,594,474,3,0,0,0,0,0,0
171,87317, The One With Ross's Big Step Forward,11,8,"['Roger', 'Doug', 'Locksmith', 'Schiff', 'Mona']",2796,14,0.4285714285714285,Uncharted,8.433,0,2.843,3.572,0,0,0,0,0,0,0,0,0,0,0.1099331635733579,581,569,248,191,317,175,4,0,2,0,0,0,0
172,87326, The One Where Joey Dates Rachel,12,8,[],3151,16,0.2857142857142857,Uncharted,8.6,0,48.006,1.788,1,0,0,0,0,0,0,0,0,0,0.0852205093483169,457,831,310,348,213,787,2,0,0,0,0,0,0
173,87335, The One Where Chandler Takes A Bath,13,8,['Long'],111,12,0.2,Rags to Riches,8.7,0,3.423,3.163,0,1,0,0,0,0,0,0,0,0,-0.4622222222222222,0,0,27,15,2,4,3,0,0,0,0,0,0
174,955154, The One With The Secret Closet,14,8,['Long'],2881,13,0.4285714285714285,Uncharted,8.6,0,1.519,0.84,0,0,0,0,0,0,0,0,0,0,0.153701779658938,344,371,425,352,400,789,2,0,0,0,0,0,2
175,87340, The One With The Birthing Video,15,8,"['Mona', 'Gunther']",280,13,0.25,Rags to Riches,8.6,0,1.519,1.788,0,0,0,0,0,0,0,0,0,0,-0.3373196881091617,21,1,59,0,0,29,4,0,0,0,0,0,0
176,87342, The One Where Joey Tells Rachel,16,8,"['2', 'Don', 'Gunther', 'Waiter']",2549,10,0.4285714285714285,Cinderella,8.6,0,2.843,2.4285,0,0,0,0,0,0,0,0,0,0,0.1025348525172744,364,334,315,404,190,642,4,0,0,0,0,0,0
177,87350, The One With The Tea Leaves,17,8,"['Jim', 'Mona', 'Zelner', 'Guy']",2831,14,0.4285714285714285,Oedipus,8.6,0,2.843,1.788,1,0,0,0,0,0,0,0,0,0,0.0043515683310941,253,570,269,405,481,319,1,1,0,0,0,0,0
178,87362, The One In Massapequa,18,8,"['Lisa', 'Dan', 'Geller', 'Parker']",2826,7,0.2857142857142857,Rags to Riches,8.3,0,2.843,1.788,0,0,0,0,0,0,0,0,0,0,0.1737613116202754,539,342,111,509,458,223,2,0,0,0,0,0,1
179,87373, The One With Joey's Interview,19,8,"['605', 'Jill', 'Lauren', 'Janine', '512', 'Gunther', 'Mike', '618', '106']",2535,13,0.3333333333333333,Rags to Riches,7.8,0,2.843,1.303,0,0,0,0,0,0,1,1,0,0,0.0148717273249691,245,297,99,38,102,765,3,0,0,0,0,0,0
180,87410, The One With The Baby Shower,20,8,"['Green', 'Erin', 'Ray']",3477,10,0.1428571428571428,Uncharted,8.4,0,1.519,1.788,0,0,0,0,0,0,0,0,0,0,0.023975235805343,536,705,203,551,296,518,0,0,0,0,0,0,0
181,87376, The One With The Cooking Class,21,8,"['Katie', 'Cashier']",2971,14,0.4285714285714285,Uncharted,8.4,0,2.843,0.84,0,0,0,0,0,0,0,0,0,0,0.0628249919865166,526,624,340,373,274,245,2,0,0,0,0,0,0
182,87404, The One Where Rachel Is Late,22,8,"['Estelle', 'Long']",2768,12,0.5714285714285714,Uncharted,8.6,0,2.843,1.788,1,0,0,0,0,0,0,0,0,1,0.1014166356646825,465,709,283,379,223,499,3,0,0,0,0,0,0
183,87405, The One Where Rachel Has A Baby,23,8,"['Nurse', 'Cliff', 'Sid', 'Geller', 'Julie', 'Long', 'Janice', 'Marc']",5407,29,0.25,Uncharted,8.9,0,1.519,4.179,0,0,0,0,0,0,0,0,0,0,0.052794643282556,919,1096,385,441,585,582,0,0,0,0,0,0,0
184,87422, The One Where No One Proposes,1,9,"['Nurse', 'Geller']",2803,11,0.5,Uncharted,8.8,0,1.519,1.788,0,0,0,0,0,0,0,0,0,0,0.0252989373562898,580,411,268,202,334,547,0,0,0,0,0,0,0
185,87434, The One Where Emma Cries,2,9,"['Gunther', 'McKenna']",2980,13,0.5714285714285714,Icarus,8.8,0,1.751,1.788,0,0,0,0,0,0,0,0,0,0,0.0533910400206662,477,570,474,312,326,567,2,0,0,0,0,0,0
186,87426, The One With The Pediatrician,3,9,"['Sally', 'Receptionist', 'Gettleman', 'Mike']",2740,0,0.25,Uncharted,8.4,0,1.746,0.84,0,0,1,0,1,1,0,0,0,0,0.0744988866107029,353,300,395,479,389,441,0,0,0,0,0,0,0
187,87412, The One With The Sharks,4,9,"['Hayley', 'Gunther', 'Mike']",2849,12,0.4285714285714285,Uncharted,8.6,0,2.843,2.4285,0,0,0,0,0,0,0,0,0,0,0.0716403604345523,472,148,242,395,633,558,0,0,0,0,0,0,0
188,87414, The One With Phoebe's Birthday Dinner,5,9,"['Claudia', 'Geller', 'uPhoebe', 'Ken', 'Waiter']",2910,13,0.7142857142857143,Uncharted,8.2,0,48.006,3.0,0,1,0,0,1,0,0,0,0,0,0.0940809832528582,469,376,565,451,479,252,1,0,0,0,0,0,0
189,87433, The One With The Male Nanny,6,9,"['David', 'Sandy', 'Mike', 'Grumpus', 'Wigglemunch']",4667,19,0.8333333333333334,Uncharted,8.4,1,1.519,4.7685,0,0,0,0,0,0,0,0,0,0,0.0500535338386103,720,410,474,406,749,329,1,0,5,0,0,0,4
190,87420, The One With Ross's Inappropriate Song,7,9,"['Bitsy', 'Catherine', 'Mike', 'Theodore']",3633,13,0.1666666666666666,Uncharted,8.741,0,2.843,3.572,0,0,0,0,0,0,0,0,0,0,0.1027685376839836,340,462,551,318,683,398,1,0,3,0,0,0,0
191,87424, The One With Rachel's Other Sister,8,9,['Amy'],3462,10,0.1428571428571428,Uncharted,8.7,0,1.519,1.788,0,0,0,0,0,0,0,0,0,0,0.0773341559768916,254,637,610,433,241,479,0,0,2,0,0,0,0
192,87411, The One With Rachel's Phone Number,9,9,"['Kevin', 'Rach', 'Mike', 'Bill', 'Waiter']",3156,15,0.5714285714285714,Uncharted,8.407,0,3.423,1.303,0,0,0,0,0,0,0,0,0,0,0.0468129814180161,361,492,543,440,330,431,1,3,7,0,0,0,0
193,87431, The One With Christmas In Tulsa,10,9,"['Wendy', 'Nick', 'Ben']",3120,16,0.4285714285714285,Uncharted,8.0,0,1.519,1.788,0,0,0,0,0,0,0,0,0,0,0.0714290353618524,167,173,1347,581,259,72,1,3,0,0,0,0,0
194,87428, The One Where Rachel Goes Back To Work,11,9,"['Gavin', 'Drake', 'Zelner']",3061,17,0.1428571428571428,Man in a Hole,8.3,0,2.843,1.788,0,0,0,0,0,0,0,0,0,0,0.0827591179674004,226,584,448,492,310,389,0,0,0,0,0,0,0
195,87471, The One With Phoebe's Rats,12,9,"['Gavin', 'Molly', 'Heather', 'Mike']",2918,12,0.5714285714285714,Man in a Hole,8.069,0,2.843,0.84,0,0,0,0,0,0,0,0,0,0,0.1403602318606674,293,795,224,227,446,357,0,0,0,0,0,0,0
196,87443, The One Where Monica Sings,13,9,[],241,15,0.0,Rags to Riches,8.3,0,2.843,1.643,0,0,0,0,0,0,0,0,0,0,-0.25,231,0,0,0,0,0,0,0,0,0,0,0,0
197,87475, The One With The Blind Dates,14,9,"['night', 'Steve', 'Waiter']",3493,15,0.8,Man in a Hole,8.4,0,2.843,1.643,0,0,0,0,0,0,0,0,0,0,0.0644254450772758,373,504,381,414,547,597,4,0,0,0,0,0,0
198,87442, The One With The Mugging,15,9,[],75,1,0.5,Rags to Riches,8.6,0,2.843,1.388,0,0,0,0,0,0,0,0,0,0,-0.0107142857142856,19,0,0,44,0,0,0,0,0,0,0,0,0
199,87477, The One With The Boob Job,16,9,['Mike'],3149,14,0.5714285714285714,Uncharted,8.5,0,2.843,1.388,0,0,0,0,1,0,0,0,0,0,0.1221801787864525,334,305,529,426,645,353,2,0,1,0,0,0,3
200,87478, The One With The Memorial Service,17,9,"['Tom', 'Manny', 'Mike', 'Kori']",3237,13,0.5714285714285714,Uncharted,8.4,0,2.843,0.84,0,0,0,0,0,0,0,0,0,0,0.0138351639605221,612,303,638,522,362,354,0,0,1,0,0,0,2
201,87444, The One With The Lottery,18,9,"['Racel', 'Gunther', 'Steve']",3282,4,0.5714285714285714,Uncharted,8.7,0,2.843,1.788,0,1,0,1,0,0,1,0,0,0,0.0473749844496207,546,522,520,593,444,351,2,0,0,0,0,0,0
202,87517, The One With Rachel's Dream,19,9,"['Receptionist', 'Drake', 'Olivia']",26966,105,0.6666666666666666,Uncharted,8.5,0,3.189,2.384,0,0,0,0,0,0,0,0,0,0,0.0581418594518959,3059,3825,2205,5282,4494,5521,8,0,0,0,0,0,0
203,87518, The One With The Soap Opera Party,20,9,"['Charlie', 'Jane', 'Rache', 'one', 'Spafford', 'Gunther', 'Dirk']",22363,83,0.2857142857142857,Uncharted,8.3,0,2.843,2.4285,0,1,0,0,0,0,0,0,0,0,-0.0171535345048288,5354,3194,2087,2813,2434,2628,2,0,4,0,0,0,0
204,87520, The One With The Fertility Test,21,9,"['Charlie', 'Receptionist', 'Janice']",15956,67,0.2857142857142857,Uncharted,8.6,0,2.843,3.572,0,0,0,0,0,0,0,0,0,0,0.0036061700677393,2822,1585,2704,1382,2003,2369,6,0,0,0,0,0,0
205,87522, The One With The Donor,22,9,"['Charlie', 'Sherman', 'Zack', 'Connelly', 'Stranger', 'David', 'Jeanette']",3176,14,0.2,Uncharted,8.4,0,2.843,2.4285,0,0,0,0,0,0,0,0,0,0,0.0498957372387648,318,476,640,304,447,315,4,1,0,0,0,0,0
206,87480,The One In Barbados,23,9,"['Charlie', 'David', 'Oberblau', 'Clerk', 'Sarah', 'Mike', 'Waiter']",5928,25,0.4,Uncharted,8.8,0,1.519,3.5812500000000003,0,0,0,0,0,0,0,0,0,0,-0.0122807903811085,1067,497,800,830,435,909,0,0,0,0,0,0,0
207,87523, The One After Joey and Rachel Kiss,1,10,"['Charlie', 'Mike']",3973,10,1.0,Uncharted,9.0,0,1.519,2.4285,0,0,0,0,0,0,0,0,0,0,0.1123732095932617,688,739,394,558,623,458,0,0,1,0,0,0,0
208,87553, The One Where Ross is Fine,2,10,"['Charlie', 'Owen', 'Colleen', 'Bill']",3028,12,1.0,Uncharted,8.6,0,3.243,1.643,0,0,0,0,0,0,0,0,0,0,0.1364838760414933,676,221,267,248,301,426,4,0,3,0,0,0,0
209,87590, The One With Ross' Tan,3,10,"['Amanda', 'Glenda', 'first']",2569,9,1.0,Rags to Riches,8.7,0,2.843,0.84,0,0,0,0,0,0,0,0,0,0,-0.0062980370148769,206,650,252,340,275,463,1,1,1,0,0,0,0
210,87596, The One With The Cake,4,10,"['Jack', 'Estelle', 'Emma', 'Judy']",3624,4,1.0,Rags to Riches,8.2,0,2.843,3.572,0,0,0,0,0,0,0,0,0,0,0.080698576856897,488,806,387,489,386,647,0,0,0,0,0,0,0
211,87548, The One Where Rachel's Sister Babysits,5,10,"['Charlie', 'Mike', 'Amy']",16473,52,1.0,Man in a Hole,8.5,0,1.746,1.788,0,0,0,0,0,0,0,0,0,0,0.0088220525080625,1421,3510,1241,1208,2392,1505,10,10,1,0,0,0,0
212,87529, The One With Ross' Grant,6,10,"['Charlie', 'Li', 'Benjamin']",3677,0,0.6,Uncharted,8.519,1,1.519,5.777,0,0,0,0,0,0,0,0,0,0,-0.0699966008275754,614,414,379,277,397,539,0,0,0,0,0,0,0
213,87597,The One With The Home Study,7,10,"['Mike', 'Laura']",3190,12,0.6,Uncharted,8.4,0,1.519,1.788,0,0,0,0,0,0,0,0,0,0,0.1020435338234742,446,416,274,417,510,276,1,2,0,0,0,0,0
214,87599, The One With The Birth Mother,9,10,"['Erica', 'Sarah', 'Waiter']",2815,11,0.4,Uncharted,8.9,0,48.006,3.0,0,0,0,0,0,0,0,0,0,0,0.0468949621627458,354,204,404,312,199,707,2,0,0,0,0,0,0
215,87600, The One Where Chandler Gets Caught,10,10,[],2739,5,0.6666666666666666,Uncharted,8.5,0,2.843,1.788,1,1,0,0,0,0,0,0,0,0,0.010857150748557,481,370,539,710,325,223,1,2,0,0,0,0,0
216,87601, The One Where the Stripper Cries,11,10,"['Missy', 'Donny', 'Henrietta', 'Gene', 'Adrienne', 'Roy']",3968,14,0.2,Uncharted,9.0,0,1.519,4.7685,0,0,0,0,0,0,0,0,0,0,0.0162838560843151,639,334,414,389,287,411,1,3,0,0,0,0,0
217,87602, The One With Phoebe's Wedding,12,10,"['2', 'Mike']",4363,12,0.4,Uncharted,9.0,0,1.519,3.572,0,0,0,0,0,0,0,0,0,0,0.0306716334025868,451,311,512,793,1157,580,3,1,0,0,0,0,0
218,87603, The One Where Joey Speaks French,13,10,"['Green', 'Erica']",3317,13,0.6666666666666666,Uncharted,8.5,0,2.843,1.788,0,0,0,0,0,0,0,0,0,0,0.0452471523812425,730,708,275,260,396,331,2,1,0,0,0,0,0
219,87607, The One With Princess Consuela,14,10,"['Mark', 'Clerk', 'Campbell', 'Gunther', 'Zellner', 'Mike', 'Rita', 'Mackenzie']",3110,12,0.6666666666666666,Cinderella,8.7,0,2.843,1.788,0,0,0,0,0,0,0,0,0,0,0.0209899159166021,405,515,229,325,413,565,4,0,0,0,1,0,0
220,87628, The One Where                               Estelle Dies,15,10,"['Realtor', 'Estelle', 'Janice', 'Zelner']",2559,12,0.5714285714285714,Uncharted,8.8,0,2.843,4.7685,0,0,0,0,0,0,0,0,0,0,0.0747359614299189,453,305,301,232,264,356,2,0,1,0,1,0,0
221,87633, The One With                               Rachel's Going Away Party,16,10,['Erica'],3221,14,1.0,Man in a Hole,8.661,0,2.843,2.4285,0,0,0,0,0,0,0,0,0,0,0.1068388591713386,546,589,431,630,363,315,0,4,1,0,0,0,0
222,87632,The Last One,17,10,"['2', 'Erica', 'Gunther', 'Mike']",6052,25,0.2857142857142857,Uncharted,9.4,0,1.519,4.7685,0,0,0,0,0,0,0,1,0,0,0.1030107793052834,836,882,875,677,894,887,2,0,1,0,0,0,0
